url,beds,city,date,size,type,baths,price,neighborhood
https://www.99acres.com/residential-land-plot-for-sale-in-vaishnavi-urban-county-jigani-bangalore-south-89-sq-yard-to-140-sq-yard-npspid-X80116283,0,Bangalore,2025-02-19,799-1258 sqft,Residential land / Plot,0,2317000.0,Jigani
https://www.99acres.com/2-bhk-bedroom-apartment-flat-for-sale-in-prestige-jindal-city-tumkur-road-bangalore-west-1085-sq-ft-spid-F79144279,2,Bangalore,2025-02-19,1085 sqft,2 BHK Flat,2,12500000.0,Tumkur Road
https://www.99acres.com/sumadhura-capitol-residences-whitefield-bangalore-east-npxid-r433778,3,Bangalore,2025-02-19,1525-2150 sqft,"3, 4 BHK Apartment",0,23200000.0,Whitefield
https://www.99acres.com/provident-botanico-soukya-road-bangalore-east-npxid-r424433,2,Bangalore,2025-02-19,658-1003 sqft,"2, 3 BHK Apartment",0,889000.0,Soukya Road
https://www.99acres.com/kvg-superior-kalkere-bangalore-south-npxid-r438820,2,Bangalore,2025-02-19,1179-1449 sqft,"2, 3 BHK Apartment",0,6483000.0,Kalkere
https://www.99acres.com/nambiar-district-25-sarjapur-road-bangalore-east-npxid-r432506,2,Bangalore,2025-02-19,1199-2484 sqft,"2, 3, 4 BHK Apartment",0,15000000.0,Sarjapur Road
https://www.99acres.com/mahaveer-celesse-yelahanka-bangalore-north-npxid-r263821,2,Bangalore,2025-02-19,794-1923 sqft,"2, 3 BHK Apartment",0,7518000.0,Yelahanka
https://www.99acres.com/keya-life-by-the-lake-hebbal-bangalore-north-npxid-r178479,4,Bangalore,2025-02-19,0 sqft,"4, 5 BHK Villa",0,39800000.0,Hebbal
https://www.99acres.com/amrutha-platinum-towers-whitefield-bangalore-east-npxid-r305417,2,Bangalore,2025-02-19,1006-1636 sqft,"2, 3 BHK Apartment",0,11100000.0,Whitefield
https://www.99acres.com/keya-spring-bannerghatta-road-bangalore-south-npxid-r401648,2,Bangalore,2025-02-19,1335-2700 sqft,"2, 3, 4 BHK Apartment",0,15700000.0,Bannerghatta Road
https://www.99acres.com/4-bhk-bedroom-apartment-flat-for-sale-in-trump-tower-sector-65-gurgaon-6050-sq-ft-r2-spid-I63419088,4,Gurgaon,2025-02-19,6050 sqft,4 BHK Flat,4,200000000.0,Sector 65
https://www.99acres.com/4-bhk-bedroom-apartment-flat-for-sale-in-indiabulls-centrum-park-sector-103-gurgaon-4200-sq-ft-spid-Y78047881,4,Gurgaon,2025-02-19,4200 sqft,4 BHK Flat,4,40100000.0,Sector 103
https://www.99acres.com/residential-land-plot-for-sale-in-rosewood-city-gurgaon-1000-sq-yard-spid-W80263135,0,Gurgaon,2025-02-19T04:38:38.179Z,9000 sqft,Residential land / Plot,0,249500000.0,Rosewood City
https://www.99acres.com/godrej-aristocrat-sector-49-gurgaon-npxid-r419936,3,Gurgaon,2025-02-19T04:38:38.179Z,"967.58 - 1,751.41 sqft",3 BHK Apartment,0,52800000.0,Sector 49
https://www.99acres.com/4-bhk-bedroom-apartment-flat-for-sale-in-godrej-aristocrat-sector-49-gurgaon-1940-sq-ft-spid-U79308375,4,Gurgaon,2025-02-19T04:38:38.179Z,1942 sqft,4 BHK Apartment,5,69000000.0,Sector 49
https://www.99acres.com/4-bhk-bedroom-apartment-flat-for-sale-in-orchid-petals-uppals-southend-gurgaon-2562-sq-ft-spid-F79012087,4,Gurgaon,2025-02-19T04:38:38.179Z,2562 sqft,4 BHK Flat,4,41600000.0,Uppals Southend
https://www.99acres.com/3-bhk-bedroom-apartment-flat-for-sale-in-orchid-petals-sector-49-gurgaon-1805-sq-ft-spid-D79543409,3,Gurgaon,2025-02-19T04:38:38.179Z,1805 sqft,3 BHK Flat,3,30500000.0,Sector 49
https://www.99acres.com/4-bhk-bedroom-independent-builder-floor-for-sale-in-south-city-2-gurgaon-4500-sq-ft-spid-Q79885617,4,Gurgaon,2025-02-19T04:38:38.179Z,4500 sqft,4 BHK Independent Builder Floor,5,45000000.0,South City 2
https://www.99acres.com/4-bhk-bedroom-independent-builder-floor-for-sale-in-rosewood-city-gurgaon-3150-sq-ft-spid-N79854273,4,Gurgaon,2025-02-19T04:38:38.179Z,3150 sqft,4 BHK Independent Builder Floor,4,44900000.0,Rosewood City
https://www.99acres.com/4-bhk-bedroom-independent-builder-floor-for-sale-in-luxury-builder-floor-in-south-city-2-south-city-2-gurgaon-3240-sq-ft-spid-L79885421,4,Gurgaon,2025-02-19T04:38:38.179Z,3240 sqft,4 BHK Independent Builder Floor,4,34000000.0,South City 2
https://www.99acres.com/3-bhk-bedroom-independent-house-villa-for-sale-in-atchampeta-kakinada-2600-sq-ft-spid-F79579347,3,Kakinada,1mo ago,2600 sqft,Luxury Villa,5,16500000.0,Atchampeta
https://www.99acres.com/3-bhk-bedroom-independent-house-villa-for-sale-in-kovvada-kakinada-1800-sq-ft-spid-W79454185,3,Kakinada,1mo ago,1800 sqft,Luxury Villa,2,11600000.0,Kovvada
https://www.99acres.com/4-bhk-bedroom-independent-house-villa-for-sale-in-vakalapudi-kakinada-165-sq-ft-spid-J78732827,4,Kakinada,2mo ago,165 sqft,Luxury Villa,6,10000000.0,Vakalapudi
https://www.99acres.com/5-bhk-bedroom-independent-house-villa-for-sale-in-sasikanth-nagar-kakinada-28800-sq-ft-spid-O80294923,5,Kakinada,4d ago,2304 sqft,Luxury Villa,5,20000000.0,Sasikanth Nagar
https://www.99acres.com/4-bhk-bedroom-independent-house-villa-for-sale-in-sasikanth-nagar-kakinada-2400-sq-ft-spid-O80266555,4,Kakinada,6d ago,230 sqft,Luxury Villa,5,20000000.0,Sasikanth Nagar
https://www.99acres.com/5-bhk-bedroom-independent-house-villa-for-sale-in-ramanayapeta-kakinada-3150-sq-ft-spid-X80181911,5,Kakinada,1w ago,3150 sqft,Luxury Villa,5,25000000.0,Ramanayapeta
https://www.99acres.com/3-bhk-bedroom-independent-house-villa-for-sale-in-atchampeta-kakinada-2600-sq-ft-spid-F79579347,3,Kakinada,2025-01-19,2600 sqft,Villa,5,16500000.0,Atchampeta
https://www.99acres.com/3-bhk-bedroom-independent-house-villa-for-sale-in-kovvada-kakinada-1800-sq-ft-spid-W79454185,3,Kakinada,2025-01-19,1800 sqft,Villa,2,11600000.0,Kovvada
https://www.99acres.com/2-bhk-bedroom-independent-house-villa-for-sale-in-madhavapatnam-kakinada-350-sq-ft-r1-spid-A76438401,2,Kakinada,2025-01-19,350 sqft,Villa,1,5500000.0,Madhavapatnam
https://www.99acres.com/3-bhk-bedroom-independent-house-villa-for-sale-in-sbi-employees-colony-kakinada-1283-sq-ft-spid-J78764367,3,Kakinada,2025-01-19,1368 sqft,Villa,3,6900000.0,SBI Employees Colony
https://www.99acres.com/4-bhk-bedroom-independent-house-villa-for-sale-in-vakalapudi-kakinada-165-sq-ft-spid-J78732827,4,Kakinada,2025-01-19,165 sqft,Villa,6,10000000.0,Vakalapudi
https://www.99acres.com/5-bhk-bedroom-independent-house-villa-for-sale-in-sasikanth-nagar-kakinada-28800-sq-ft-spid-O80294923,5,Kakinada,2025-01-19,2304 sqft,Villa,4,20000000.0,Sasikanth Nagar
https://www.99acres.com/3-bhk-bedroom-independent-house-villa-for-sale-in-rameswaram-kakinada-1450-sq-ft-spid-G80269003,3,Kakinada,2025-01-19,1450 sqft,Villa,2,5800000.0,Rameswaram
https://www.99acres.com/4-bhk-bedroom-independent-house-villa-for-sale-in-sasikanth-nagar-kakinada-2400-sq-ft-spid-O80266555,4,Kakinada,2025-01-19,230 sqft,Villa,5,20000000.0,Sasikanth Nagar
https://www.99acres.com/5-bhk-bedroom-independent-house-villa-for-sale-in-ramanayapeta-kakinada-3150-sq-ft-spid-X80181911,5,Kakinada,2025-01-19,3150 sqft,Villa,5,25000000.0,Ramanayapeta
https://www.99acres.com/4-bhk-bedroom-independent-house-villa-for-sale-in-ramanayapeta-kakinada-1422-sq-ft-spid-T80143813,4,Kakinada,2025-01-19,1422 sqft,Villa,2,8000000.0,Ramanayapeta
https://www.99acres.com/residential-land-plot-for-sale-in-thagarapuvalasa-visakhapatnam-167-sq-yard-spid-I76078449,0,Visakhapatnam,2025-02-19T04:38:36.102Z,1503 sqft,Residential land / Plot,0,4676000.0,Thagarapuvalasa
https://www.99acres.com/residential-land-plot-for-sale-in-bheemili-visakhapatnam-140-sq-yard-spid-I76618949,0,Visakhapatnam,2025-02-19T04:38:36.102Z,1260 sqft,Residential land / Plot,0,3780000.0,Bheemili
https://www.99acres.com/rudra-seniors-madhurawada-visakhapatnam-npxid-r408482,2,Visakhapatnam,2025-02-19T04:38:36.102Z,990 - 1245 sqft,2 BHK Apartment,2,4940000.0,Madhurawada
https://www.99acres.com/vk-erica-madhurawada-visakhapatnam-npxid-r438076,3,Visakhapatnam,2025-02-19T04:38:36.102Z,1630 - 2190 sqft,3 BHK Apartment,3,9454000.0,Madhurawada
https://www.99acres.com/the-celest-gajuwaka-visakhapatnam-npxid-r377188,2,Visakhapatnam,2025-02-19T04:38:36.102Z,823 - 1117 sqft,"2, 3 BHK Apartment",2,7501000.0,Gajuwaka
https://www.99acres.com/edara-twilight-park-shivaji-palem-visakhapatnam-npxid-r439018,3,Visakhapatnam,2025-02-19T04:38:36.102Z,2195 - 2650 sqft,3 BHK Apartment,3,18700000.0,Shivaji Palem
https://www.99acres.com/mvv-and-mk-park-gajuwaka-visakhapatnam-npxid-r331705,2,Visakhapatnam,2025-02-19T04:38:36.102Z,895 - 1050 sqft,2 BHK Apartment,2,3133000.0,Gajuwaka
https://www.99acres.com/mvv-towers-yendada-visakhapatnam-npxid-r385012,2,Visakhapatnam,2025-02-19T04:38:36.102Z,1158 - 1474 sqft,"2, 3 BHK Apartment",2,6947000.0,Yendada
https://www.99acres.com/rs-aurora-bay-bheemili-visakhapatnam-npxid-r411360,3,Visakhapatnam,2025-02-19T04:38:36.102Z,3503 - 6226 sqft,"3, 4, 5, 6 BHK Villa",3,29800000.0,Bheemili
https://www.99acres.com/residential-land-plot-for-sale-in-vennala-kochi-339-sq-yard-spid-D78423293,0,Kochi,3mo ago,3049 sqft,Residential land / Plot,0,12000000.0,Vennala
https://www.99acres.com/residential-land-plot-for-sale-in-vennala-kochi-1162-sq-yard-spid-O79520349,0,Kochi,1mo ago,10454 sqft,Residential land / Plot,0,39600000.0,Vennala
https://www.99acres.com/3-bhk-bedroom-apartment-flat-for-sale-in-nagpal-sapphire-heights-vennala-kochi-1388-sq-ft-spid-D80169371,3,Kochi,1w ago,1388 sqft,3 BHK Flat,2,7500000.0,Nagpal Sapphire Heights
https://www.99acres.com/3-bhk-bedroom-independent-house-villa-for-sale-in-vennala-kochi-1375-sq-ft-spid-J79757557,3,Kochi,4w ago,1375 sqft,3 Bedroom House,3,7000000.0,Vennala
https://www.99acres.com/3-bhk-bedroom-apartment-flat-for-sale-in-vennala-kochi-1350-sq-ft-r1-spid-J51800632,3,Kochi,1mo ago,1350 sqft,3 BHK Flat,3,5000000.0,sheetal apartments
https://www.99acres.com/residential-land-plot-for-sale-in-chalikavattom-kochi-104-sq-yard-spid-G78545131,0,Kochi,3mo ago,940 sqft,Residential land / Plot,0,1500000.0,Chalikavattom
https://www.99acres.com/3-bhk-bedroom-independent-house-villa-for-sale-in-chalikavattom-kochi-1375-sq-ft-spid-B78323137,3,Kochi,3mo ago,1375 sqft,3 Bedroom House,3,7000000.0,Chalikavattom
https://www.99acres.com/2-bhk-bedroom-apartment-flat-for-sale-in-chalikavattom-kochi-1000-sq-ft-r5-spid-P60024418,2,Kochi,2w ago,1000 sqft,2 BHK Flat,2,8000000.0,good earth hamlet
https://www.99acres.com/3-bhk-bedroom-independent-house-villa-for-sale-in-chakkaraparambu-kochi-1000-sq-ft-r2-spid-R63177728,3,Kochi,2mo ago,1000 sqft,3 Bedroom House,3,7500000.0,Chakkaraparambu
https://www.99acres.com/residential-land-plot-for-sale-in-chakkaraparambu-kochi-3975-sq-yard-r1-spid-Q55098104,0,Kochi,2mo ago,35790 sqft,Residential land / Plot,0,35000000.0,Chakkaraparambu
https://www.99acres.com/9-bhk-bedroom-independent-house-villa-for-sale-in-sector-39-noida-3226-sq-ft-r8-spid-U66608396,9,Noida,1mo ago,3229 sqft,Independent House/Villa,9,55000000.0,Sector 39
https://www.99acres.com/residential-land-plot-for-sale-in-rwa-sector-122-sector-122-noida-538-sq-yard-spid-C79242955,0,Noida,Yesterday,4843 sqft,Residential Land,0,90000000.0,Sector 122
https://www.99acres.com/residential-land-plot-for-sale-in-od-kedeswar-vihar-phulnakhara-bhubaneswar-133-sq-yard-to-222-sq-yard-npspid-S78806221,0,Bhubaneswar,2025-02-19,1200-2000 sqft,Residential land / Plot,0,1559000.0,Phulnakhara
https://www.99acres.com/3-bhk-bedroom-apartment-flat-for-sale-in-shuvam-meadows-patia-bhubaneswar-2179-sq-ft-spid-V79818033,3,Bhubaneswar,2025-02-19,2179 sqft,3 BHK Flat,3,18000000.0,Patia
https://www.99acres.com/mahima-greenex-hanspal-bhubaneswar-npxid-r413530,2,Bhubaneswar,2025-02-19,758.34 - 945.73 sqft,"2, 3 BHK Apartment",0,7900000.0,Hanspal
https://www.99acres.com/one-world-janla-bhubaneswar-npxid-r424559,2,Bhubaneswar,2025-02-19,1185 - 1610 sqft,"2, 3 BHK Apartment",0,8938000.0,Janla
https://www.99acres.com/urban-sereno-gothapatna-bhubaneswar-npxid-r420678,2,Bhubaneswar,2025-02-19,1691 - 2543 sqft,"2, 3 BHK Apartment",0,8286000.0,Gothapatna
https://www.99acres.com/falcon-tatva-khandagiri-bhubaneswar-npxid-r411558,3,Bhubaneswar,2025-02-19,1527 - 2078 sqft,"3, 4 BHK Apartment",0,20600000.0,Khandagiri
https://www.99acres.com/motwani-anantara-jharapada-bhubaneswar-npxid-r421539,3,Bhubaneswar,2025-02-19,2160 - 3190 sqft,"3, 4 BHK Apartment",0,14700000.0,Jharapada
https://www.99acres.com/z-padmanabha-pahala-bhubaneswar-npxid-r413474,2,Bhubaneswar,2025-02-19,923 - 3097 sqft,"2, 3, 4, 5 BHK Apartment",0,11800000.0,Pahala
https://www.99acres.com/utkal-reserve-patrapada-bhubaneswar-npxid-r390078,2,Bhubaneswar,2025-02-19,1877 - 3038 sqft,"2, 3, 4, 5 BHK Apartment",0,14000000.0,Patrapada
https://www.99acres.com/utkal-isquare-patia-bhubaneswar-npxid-r424292,2,Bhubaneswar,2025-02-19,704.71 - 1009.23 sqft,"2, 3 BHK Apartment",0,7200000.0,Patia
https://www.99acres.com/5-bhk-bedroom-independent-house-villa-for-sale-in-s-saamarth-twinland-koba-gandhinagar-8478-sq-ft-to-10573-sq-ft-npspid-G79358405,5,Gandhinagar,2025-02-19,8478-10573 sqft,5 BHK House,0,0.0,"Koba, Raysan"
https://www.99acres.com/2-bhk-bedroom-apartment-flat-for-sale-in-sargasan-gandhinagar-1530-sq-ft-spid-Z79621649,2,Gandhinagar,2025-02-19,1530 sqft,2 BHK Flat,2,6500000.0,Sargasan
https://www.99acres.com/polaris-calice-randesan-gandhinagar-npxid-r411905,3,Gandhinagar,2025-02-19,2511-2655 sqft,3 BHK Apartment,0,11200000.0,Randesan
https://www.99acres.com/sobha-elysia-gift-city-gandhinagar-npxid-r426127,3,Gandhinagar,2025-02-19,1225.7-2611 sqft,"3, 4 BHK Apartment",0,25400000.0,Gift City
https://www.99acres.com/altezza-by-the-palm-sargasan-gandhinagar-npxid-r394631,3,Gandhinagar,2025-02-19,2916 sqft,3 BHK Apartment,0,11900000.0,Sargasan
https://www.99acres.com/the-one-randesan-gandhinagar-npxid-r425978,4,Gandhinagar,2025-02-19,4158-5598 sqft,"4, 5 BHK Apartment",0,20000000.0,Randesan
https://www.99acres.com/polaris-casarica-sargasan-gandhinagar-npxid-r393562,3,Gandhinagar,2025-02-19,2475 sqft,3 BHK Apartment,0,10700000.0,Sargasan
https://www.99acres.com/srushti-kudasan-gandhinagar-npxid-r383515,2,Gandhinagar,2025-02-19,1503-3915 sqft,"2, 3, 4 BHK Apartment",0,7014000.0,Kudasan
https://www.99acres.com/ekarth-sarvam-koba-gandhinagar-npxid-r428573,4,Gandhinagar,2025-02-19,6750-7560 sqft,"4, 5 BHK Apartment",0,0.0,Koba
https://www.99acres.com/shilp-north-sky-gift-city-gandhinagar-npxid-r406643,2,Gandhinagar,2025-02-19,1325-4717 sqft,"2, 3, 4 BHK Apartment",0,12200000.0,Gift City
https://www.99acres.com/residential-land-plot-for-sale-in-kanyakumari-121-sq-yard-spid-C79440309,0,Kanyakumari,2025-02-17,1090 sqft,Plot/Land,0,4000000.0,"Near Shri Shirdi Sai Baba Temple, Pothayadi junction."
https://www.99acres.com/residential-land-plot-for-sale-in-azad-nagar-madhavalayam-kanyakumari-339-sq-yard-spid-R79917611,0,Kanyakumari,2025-02-05,3049 sqft,Plot/Land,0,6300000.0,"Madhavalayam, Azad Nagar"
https://www.99acres.com/residential-land-plot-for-sale-in-thiruppathisaram-kanyakumari-48-sq-yard-spid-C79621191,0,Kanyakumari,2025-02-02,435 sqft,Plot/Land,0,1100000.0,Thiruppathisaram
https://www.99acres.com/residential-land-plot-for-sale-in-putheri-kanyakumari-242-sq-yard-spid-N79629105,0,Kanyakumari,2025-02-02,2178 sqft,Plot/Land,0,4000000.0,Putheri
https://www.99acres.com/residential-land-plot-for-sale-in-thuckalay-kanyakumari-439-sq-yard-spid-K80381775,0,Kanyakumari,2025-02-18,3950 sqft,Plot/Land,0,13500000.0,Thuckalay
https://www.99acres.com/residential-land-plot-for-sale-in-kulasekharam-kanyakumari-290-sq-yard-spid-G80376215,0,Kanyakumari,2025-02-18,2613 sqft,Plot/Land,0,3600000.0,Kulasekharam
https://www.99acres.com/residential-land-plot-for-sale-in-marthandam-kanyakumari-1111-sq-yard-spid-X80321373,0,Kanyakumari,2025-02-16,10000 sqft,Plot/Land,0,53000000.0,Marthandam
https://www.99acres.com/residential-land-plot-for-sale-in-mandaikadu-kanyakumari-629-sq-yard-spid-N80300531,0,Kanyakumari,2025-02-15,5662 sqft,Plot/Land,0,5460000.0,Mandaikadu
https://www.99acres.com/residential-land-plot-for-sale-in-thuckalay-kanyakumari-242-sq-yard-spid-V80241639,0,Kanyakumari,2025-02-15,2178 sqft,Plot/Land,0,3000000.0,Thuckalay
https://www.99acres.com/3-bhk-bedroom-independent-house-villa-for-sale-in-marthandam-kanyakumari-3800-sq-ft-spid-G80215947,3,Kanyakumari,2025-02-12,3800 sqft,House,2,10000000.0,Marthandam
https://www.99acres.com/residential-land-plot-for-sale-in-sulur-coimbatore-319-sq-yard-r2-spid-H77649167,0,Coimbatore,2025-02-19,2874 sqft,Residential land / Plot,0,1998000.0,Sulur
https://www.99acres.com/residential-land-plot-for-sale-in-ettimadai-coimbatore-147-sq-yard-spid-D79347859,0,Coimbatore,2025-02-19,1321 sqft,Residential land / Plot,0,7678000.0,Ettimadai
https://www.99acres.com/green-field-crystal-gateway-sulur-coimbatore-npxid-r439016,2,Coimbatore,2025-02-19,Varies,"2, 3, 4 BHK Villa, Land",0,1240000.0,Sulur
https://www.99acres.com/royal-kalpataru-ganapathy-coimbatore-npxid-r275677,4,Coimbatore,2025-02-19,Varies,"4, 5 BHK Villa",0,25100000.0,Ganapathy
https://www.99acres.com/harish-bhairav-vellakinar-coimbatore-npxid-r398187,2,Coimbatore,2025-02-19,Varies,"2, 3 BHK Villa",0,1500000.0,Vellakinar
https://www.99acres.com/rks-shivom-sulur-coimbatore-npxid-r409009,2,Coimbatore,2025-02-19,Varies,"2, 3 BHK Villa, Land",0,948000.0,Sulur
https://www.99acres.com/trisquare-amber-gn-mills-coimbatore-npxid-r430125,3,Coimbatore,2025-02-19,Varies,"3, 4, 5 BHK Villa",0,23000000.0,GN Mills
https://www.99acres.com/vsks-aira-singanallur-coimbatore-npxid-r397871,2,Coimbatore,2025-02-19,Varies,"2, 3, 4 BHK Apartment",0,880000.0,Singanallur
https://www.99acres.com/golden-town-karamadai-coimbatore-npxid-r439297,0,Coimbatore,2025-02-19,Varies,Land,0,1859000.0,Karamadai
https://www.99acres.com/skm-indraprastha-residency-thudiyalur-coimbatore-npxid-r421314,3,Coimbatore,2025-02-19,Varies,"3, 4 BHK Villa",0,8232000.0,Thudiyalur
https://www.99acres.com/residential-land-plot-for-sale-in-penamaluru-vijayawada-167-sq-yard-r13-spid-J63431142,0,Vijayawada,2025-02-19,1503 sqft,Residential land / Plot,0,2004000.0,Penamaluru
https://www.99acres.com/residential-land-plot-for-sale-in-penamaluru-vijayawada-183-sq-yard-r13-spid-B63431288,0,Vijayawada,2025-02-19,1647 sqft,Residential land / Plot,0,2196000.0,Penamaluru
https://www.99acres.com/alekhya-grand-sri-ramachandra-nagar-vijayawada-npxid-r425422,4,Vijayawada,2025-02-19,3258 - 4122 sqft,4 BHK Apartment,0,26700000.0,Sri Ramachandra Nagar
https://www.99acres.com/aiswarya-gateway-pamarru-vijayawada-npxid-r439430,0,Vijayawada,2025-02-19,1215.46 - 2702.6 sqft,Land,0,1350000.0,Pamarru
https://www.99acres.com/fugen-royal-infinia-ramavarappadu-vijayawada-npxid-r436943,0,Vijayawada,2025-02-19,2124 - 7119 sqft,Land,0,7552000.0,Ramavarappadu
https://www.99acres.com/sree-hemadurga-jewel-county-gannavaram-vijayawada-npxid-r295973,2,Vijayawada,2025-02-19,801.62 - 1108.17 sqft,"2, 3 BHK Apartment",2,5065000.0,Gannavaram
https://www.99acres.com/vasishta-olympia-poranki-vijayawada-npxid-r423035,3,Vijayawada,2025-02-19,2800 - 4000 sqft,"3, 4 BHK Apartment",0,0.0,Poranki
https://www.99acres.com/badris-jishnu-nivas-tadigadapa-vijayawada-npxid-r423265,2,Vijayawada,2025-02-19,1275 - 3141 sqft,"2, 3 BHK Apartment",0,0.0,Tadigadapa
https://www.99acres.com/residential-land-plot-for-sale-in-ambapuram-vijayawada-533-sq-yard-r2-spid-N66036718,0,Vijayawada,2025-02-19,4797 sqft,Residential land / Plot,0,20000000.0,Ambapuram
https://www.99acres.com/residential-land-plot-for-sale-in-birpara-jalpaiguri-80-sq-yard-r1-spid-Y78452569,0,Jalpaiguri,2025-02-19T04:38:38.010Z,720 sqft,Residential land / Plot,0,500000.0,Mansarovar Township (Siliguri WB)
https://www.99acres.com/residential-land-plot-for-sale-in-uttar-kamakhyaguri-jalpaiguri-8342-sq-yard-spid-R80314621,0,Jalpaiguri,2025-02-19T04:38:38.010Z,75075 sqft,Residential land / Plot,0,10400000.0,Uttar Kamakhyaguri
https://www.99acres.com/10-bhk-bedroom-independent-house-villa-for-sale-in-jalpaiguri-2024-sq-ft-spid-X80148443,10,Jalpaiguri,2025-02-19T04:38:38.010Z,2024 sqft,10 Bedroom House,3,6500000.0,Kirat Bhumi
https://www.99acres.com/residential-land-plot-for-sale-in-jalpaiguri-375-sq-yard-r22-spid-M25289542,0,Jalpaiguri,2025-02-19T04:38:38.010Z,3375 sqft,Residential land / Plot,0,11000000.0,Hakimpara
https://www.99acres.com/2-bhk-bedroom-independent-house-villa-for-sale-in-maynaguri-jalpaiguri-3200-sq-ft-spid-J79575407,2,Jalpaiguri,2025-02-19T04:38:38.010Z,3200 sqft,2 Bedroom House,1,3000000.0,Maynaguri
https://www.99acres.com/residential-land-plot-for-sale-in-jalpaiguri-480-sq-yard-spid-B79283981,0,Jalpaiguri,2025-02-19T04:38:38.010Z,4319 sqft,Residential land / Plot,0,2400000.0,Ambari falakata
https://www.99acres.com/5-bhk-bedroom-independent-house-villa-for-sale-in-goshala-jalpaiguri-2102-sq-ft-spid-H79094883,5,Jalpaiguri,2025-02-19T04:38:38.010Z,2102 sqft,5 Bedroom House,2,6700000.0,Goshala
https://www.99acres.com/2-bhk-bedroom-apartment-flat-for-sale-in-rajbari-para-jalpaiguri-890-sq-ft-spid-K79003267,2,Jalpaiguri,2025-02-19T04:38:38.010Z,890 sqft,2 BHK Flat,2,3500000.0,Rajbari Para
https://www.99acres.com/residential-land-plot-for-sale-in-chalsa-jalpaiguri-800-sq-yard-spid-A78943427,0,Jalpaiguri,2025-02-19T04:38:38.010Z,7199 sqft,Residential land / Plot,0,5000000.0,Chalsa
https://www.99acres.com/residential-land-plot-for-sale-in-gairkata-jalpaiguri-1360-sq-yard-spid-V78830671,0,Jalpaiguri,2025-02-19T04:38:38.010Z,12239 sqft,Residential land / Plot,0,6000000.0,Gairkata
https://www.99acres.com/residential-land-plot-for-sale-in-nawabpet-medak-150-sq-yard-spid-I79945783,0,Hyderabad,2025-02-19,1350 sqft,Residential land / Plot,0,2400000.0,Nawabpet
https://www.99acres.com/3-bhk-bedroom-apartment-flat-for-sale-in-mokila-hyderabad-2713-sq-ft-r1-spid-D78555737,3,Hyderabad,2025-02-19,2713 sqft,3 BHK Flat,4,13600000.0,Mokila
https://www.99acres.com/bricks-marvella-tellapur-hyderabad-npxid-r416504,2,Hyderabad,2025-02-19,Varies,"2, 3, 4 BHK Apartment",2,10000000.0,Tellapur
https://www.99acres.com/pranathis-kiara-tellapur-hyderabad-npxid-r405130,2,Hyderabad,2025-02-19,Varies,"2, 3 BHK Apartment",2,9305000.0,Tellapur
https://www.99acres.com/ananda-the-legacey-manikonda-hyderabad-npxid-r434519,2,Hyderabad,2025-02-19,Varies,"2, 3 BHK Apartment",2,9582000.0,Manikonda
https://www.99acres.com/moonglade-apartments-kokapet-hyderabad-npxid-r438704,3,Hyderabad,2025-02-19,Varies,"3, 4 BHK Apartment",3,12600000.0,Kokapet
https://www.99acres.com/vajra-the-royal-park-bowrampet-hyderabad-npxid-r389235,2,Hyderabad,2025-02-19,Varies,"2, 3 BHK Apartment",2,6756000.0,Bowrampet
https://www.99acres.com/dithya-agarta-kompally-hyderabad-npxid-r435622,3,Hyderabad,2025-02-19,Varies,"3, 4 BHK Apartment",3,0.0,Kompally
https://www.99acres.com/incor-lake-city-patancheru-hyderabad-npxid-r373118,1,Hyderabad,2025-02-19,Varies,"1, 2, 3 BHK Apartment",1,8212000.0,Patancheru
https://www.99acres.com/nsl-nakshatra-kphb-hyderabad-npxid-r428751,3,Hyderabad,2025-02-19,Varies,"3, 4 BHK Apartment",3,19200000.0,KPHB
https://www.99acres.com/2-bhk-bedroom-apartment-flat-for-sale-in-gandhi-nagar-kakinada-1450-sq-ft-r2-spid-K71725910,2,Kakinada,2025-02-18,1450 sqft,Flat,2,7800000.0,Gandhi Nagar
https://www.99acres.com/residential-land-plot-for-sale-in-turangi-kakinada-452-sq-yard-spid-U79636559,0,Kakinada,2025-02-05,4068 sqft,Land,0,11600000.0,Turangi
https://www.99acres.com/3-bhk-bedroom-apartment-flat-for-sale-in-santhi-nagar-kakinada-1860-sq-ft-spid-Z78886921,3,Kakinada,2025-01-19,1860 sqft,Flat,3,9300000.0,Santhi Nagar
https://www.99acres.com/3-bhk-bedroom-apartment-flat-for-sale-in-vidyut-nagar-kakinada-1472-sq-ft-spid-K77492637,3,Kakinada,2025-01-19,1472 sqft,Flat,2,7000000.0,Vidyut Nagar
https://www.99acres.com/3-bhk-bedroom-apartment-flat-for-sale-in-vidyut-nagar-kakinada-1550-sq-ft-spid-O78636973,3,Kakinada,2025-01-19,1550 sqft,Flat,3,8500000.0,Vidyut Nagar
https://www.99acres.com/2-bhk-bedroom-apartment-flat-for-sale-in-kakinada-1100-sq-ft-spid-N79724963,2,Kakinada,2025-02-18,1100 sqft,Flat,2,5000000.0,Santinagar
https://www.99acres.com/3-bhk-bedroom-apartment-flat-for-sale-in-rama-rao-peta-kakinada-1265-sq-ft-spid-L79080669,3,Kakinada,2025-01-19,1265 sqft,Flat,2,6578000.0,Rama Rao Peta
https://www.99acres.com/4-bhk-bedroom-apartment-flat-for-sale-in-ramanayapeta-kakinada-2628-sq-ft-spid-L79139157,4,Kakinada,2025-01-19,2628 sqft,Flat,4,18000000.0,Ramanayapeta
https://www.99acres.com/residential-land-plot-for-sale-in-nadakuduru-kakinada-15-sq-yard-spid-L80364535,0,Kakinada,2025-02-19,133 sqft,Land,0,1064000.0,Nadakuduru
https://www.99acres.com/2-bhk-bedroom-independent-house-villa-for-sale-in-suresh-nagar-kakinada-1080-sq-ft-spid-R80352773,2,Kakinada,2025-02-19,1080 sqft,House,2,5000000.0,Suresh Nagar
https://www.99acres.com/residential-land-plot-for-sale-in-budheshwar-lucknow-111-sq-yard-r1-spid-R78689421,0,Lucknow,2025-02-19,1000 sqft,Residential land / Plot,0,1099000.0,Budheshwar
https://www.99acres.com/3-bhk-bedroom-apartment-flat-for-sale-in-sultanpur-road-lucknow-1489-sq-ft-r1-spid-J78635815,3,Lucknow,2025-02-19,1489 sqft,3 BHK Flat,3,6105000.0,Sultanpur Road
https://www.99acres.com/rishita-mulberry-heights-sushant-golf-city-lucknow-npxid-r325311,2,Lucknow,2025-02-19,various,"2, 3 BHK Apartment",0,9059000.0,Sushant Golf City
https://www.99acres.com/krishna-tower-kanpur-road-lucknow-npxid-r152473,2,Lucknow,2025-02-19,various,"2, 3 BHK Apartment",0,3943000.0,Kanpur Road
https://www.99acres.com/eldeco-trinity-gomti-nagar-extension-lucknow-npxid-r421468,2,Lucknow,2025-02-19,various,"2, 3, 4, 5 BHK Apartment",0,20300000.0,Gomti Nagar Extension
https://www.99acres.com/shalimar-one-world-21-gomti-nagar-extension-lucknow-npxid-r429111,3,Lucknow,2025-02-19,various,3 BHK Apartment,0,23500000.0,Gomti Nagar Extension
https://www.99acres.com/green-park-city-sultanpur-road-lucknow-npxid-r401774,0,Lucknow,2025-02-19,various,Land,0,750000.0,Sultanpur Road
https://www.99acres.com/oro-constella-sushant-golf-city-lucknow-npxid-r409651,3,Lucknow,2025-02-19,various,"3, 4, 5 BHK Apartment",0,14900000.0,Sushant Golf City
https://www.99acres.com/shalimar-one-world-pinnacle-gomti-nagar-extension-lucknow-npxid-r423230,4,Lucknow,2025-02-19,various,"4, 5 BHK Apartment",0,45900000.0,Gomti Nagar Extension
https://www.99acres.com/jashn-elevate-sushant-golf-city-lucknow-npxid-r427388,2,Lucknow,2025-02-19,various,"2, 3 BHK Apartment",0,15800000.0,Sushant Golf City
https://www.99acres.com/2-bhk-bedroom-apartment-flat-for-sale-in-vinoth-viraj-maduravoyal-chennai-west-928-sq-ft-to-991-sq-ft-npspid-Q80337163,2,Chennai,2025-02-19,928-991 sqft,2 BHK Flat,2,8445000.0,Maduravoyal
https://www.99acres.com/3-bhk-bedroom-apartment-flat-for-sale-in-udhayam-saimugil-chitlapakkam-chennai-south-1647-sq-ft-npspid-P79116647,3,Chennai,2025-02-19,1647 sqft,3 BHK Flat,3,12500000.0,Chitlapakkam
https://www.99acres.com/rajparis-diamond-mogappair-west-chennai-north-npxid-r409851,3,Chennai,2025-02-19,1208-1390 sqft,3 BHK Apartment,3,12000000.0,Mogappair West
https://www.99acres.com/divyasree-hub6-thiruporur-chennai-south-npxid-r12874,0,Chennai,2025-02-19,1200-3000 sqft,Land,0,4080000.0,Thiruporur
https://www.99acres.com/brigade-altius-sholinganallur-chennai-south-npxid-r438256,3,Chennai,2025-02-19,1101-3265 sqft,"3, 4 BHK Apartment",3,19200000.0,Sholinganallur
https://www.99acres.com/marvellous-t-nagar-chennai-south-npxid-r398941,3,Chennai,2025-02-19,1654-3091 sqft,"3, 4 BHK Apartment",3,34000000.0,T Nagar
https://www.99acres.com/urban-pearl-county-pattabiram-chennai-north-npxid-r373276,0,Chennai,2025-02-19,794-1510 sqft,Land,0,1984000.0,Pattabiram
https://www.99acres.com/kg-kingdom-of-joy-sriperumbudur-chennai-west-npxid-r438496,0,Chennai,2025-02-19,630-4000 sqft,Land,0,1260000.0,Sriperumbudur
https://www.99acres.com/ashiana-swarang-ecr-chennai-south-npxid-r439006,1,Chennai,2025-02-19,912-1462 sqft,"1, 2, 3 BHK Apartment",1,8460000.0,ECR
https://www.99acres.com/ashiana-vatsalya-mahindra-city-chennai-south-npxid-r439005,1,Chennai,2025-02-19,891-1530 sqft,"1, 2, 3 BHK Apartment",1,7090000.0,Mahindra City
https://www.99acres.com/3-bhk-bedroom-apartment-flat-for-sale-in-santacruz-west-western-mumbai-1459-sq-ft-r1-spid-C78553579,3,Mumbai,2025-02-19,1459 sqft,Flat,4,73000000.0,Santacruz West
https://www.99acres.com/2-bhk-bedroom-apartment-flat-for-sale-in-lodha-casa-rio-dombivli-east-dombivli-east-mumbai-beyond-thane-686-sq-ft-r1-spid-A77236477,2,Thane,2025-02-19,686 sqft,Flat,2,5000000.0,Dombivli East
https://www.99acres.com/godrej-horizon-wadala-south-mumbai-npxid-r389975,2,Mumbai,2025-02-19,627 - 1476.92 sqft,Apartment,2,29900000.0,Wadala
https://www.99acres.com/l-and-t-island-cove-mahim-west-south-mumbai-npxid-r394731,2,Mumbai,2025-02-19,694.81 - 1219.77 sqft,Apartment,2,29100000.0,Mahim West
https://www.99acres.com/lodha-divino-matunga-south-mumbai-npxid-r404243,2,Mumbai,2025-02-19,713.97 - 1727 sqft,Apartment,2,29800000.0,Matunga
https://www.99acres.com/lodha-the-park-worli-south-mumbai-npxid-r13344,2,Mumbai,2025-02-19,839 - 2254 sqft,Apartment,2,48000000.0,Worli
https://www.99acres.com/l-and-t-the-gateway-sewri-south-mumbai-npxid-r423314,3,Mumbai,2025-02-19,1133.34 - 2251 sqft,Apartment,2,44700000.0,Sewri
https://www.99acres.com/lodha-new-cuffe-parade-wadala-south-mumbai-npxid-r1354,1,Mumbai,2025-02-19,350.69 - 2747 sqft,Apartment,1,14400000.0,Wadala
https://www.99acres.com/rustomjee-crown-prabhadevi-south-mumbai-npxid-r725,3,Mumbai,2025-02-19,1334.74 - 3088 sqft,Apartment,2,95400000.0,Prabhadevi
https://www.99acres.com/piramal-mahalaxmi-mahalaxmi-south-mumbai-npxid-r303861,2,Mumbai,2025-02-19,713.8 - 1850 sqft,Apartment,2,45700000.0,Mahalaxmi
https://www.99acres.com/3-bhk-bedroom-independent-builder-floor-for-sale-in-paschim-vihar-west-delhi-1350-sq-ft-r4-spid-F74144417,3,Delhi,2025-02-19,1350 sqft,Independent Builder Floor,3,25500000.0,Paschim Vihar
https://www.99acres.com/3-bhk-bedroom-independent-builder-floor-for-sale-in-surajmal-vihar-east-delhi-1800-sq-ft-spid-W78462503,3,Delhi,2025-02-19,1800 sqft,Independent Builder Floor,2,26500000.0,Surajmal Vihar
https://www.99acres.com/sky-high-luxury-homes-sector-8-dwarka-delhi-npxid-r348181,2,Delhi,2025-02-19,Not specified,Independent Floor,2,8500000.0,Sector 8 Dwarka
https://www.99acres.com/bhardwaj-builder-floors-model-town-north-delhi-npxid-r376612,3,Delhi,2025-02-19,Not specified,Independent Floor,3,0.0,Model Town
https://www.99acres.com/dlf-capital-greens-1-and-2-moti-nagar-west-delhi-npxid-r473,2,Delhi,2025-02-19,Not specified,Apartment,2,21000000.0,Moti Nagar
https://www.99acres.com/unity-group-the-amaryllis-karol-bagh-central-delhi-npxid-r217503,2,Delhi,2025-02-19,Not specified,Apartment,2,22500000.0,Karol Bagh
https://www.99acres.com/3baan-farms-chattarpur-south-delhi-npxid-r436830,4,Delhi,2025-02-19,Not specified,Villa,4,90000000.0,Chattarpur
https://www.99acres.com/pradeep-luxury-builders-floor-anand-vihar-east-delhi-npxid-r435515,2,Delhi,2025-02-19,Not specified,Independent Floor,2,13000000.0,Anand Vihar
https://www.99acres.com/chandok-apartments-and-floors-janakpuri-west-delhi-npxid-r437221,2,Delhi,2025-02-19,Not specified,Apartment,2,11000000.0,Janakpuri
https://www.99acres.com/luxury-floors-by-omdev-homes-greater-kailash-2-south-delhi-npxid-r436246,3,Delhi,2025-02-19,Not specified,Independent Floor,3,50000000.0,Greater Kailash 2
https://www.99acres.com/3-bhk-bedroom-apartment-flat-for-sale-in-mahimas-palm-springs-tonk-road-jaipur-1705-sq-ft-to-2127-sq-ft-npspid-F79764097,3,Jaipur,2025-02-19,1705-2127 sqft,3 BHK Flat,2,9378000.0,Tonk Road
https://www.99acres.com/3-bhk-bedroom-apartment-flat-for-sale-in-richwell-empress-mansarovar-jaipur-1741-sq-ft-to-2194-sq-ft-npspid-T80075881,3,Jaipur,2025-02-19,1741-2194 sqft,3 BHK Flat,2,12200000.0,Mansarovar
https://www.99acres.com/vardhman-empress-mansarovar-jaipur-npxid-r435628,3,Jaipur,2025-02-19,1741-5060 sqft,"3, 4, 5 BHK Apartment",2,12200000.0,Mansarovar
https://www.99acres.com/viaans-radiant-vaishali-nagar-extension-jaipur-npxid-r438325,2,Jaipur,2025-02-19,1069.26-1551.92 sqft,"2, 3 BHK Apartment",2,5132000.0,Vaishali Nagar Extension
https://www.99acres.com/the-altitude-jagatpura-jaipur-npxid-r438439,3,Jaipur,2025-02-19,2120-2900 sqft,"3, 4 BHK Apartment",2,12300000.0,Jagatpura
https://www.99acres.com/balaji-green-park-vaishali-nagar-jaipur-npxid-r434249,2,Jaipur,2025-02-19,833.98-1583.45 sqft,"2, 3 BHK Apartment",2,4200000.0,Vaishali Nagar
https://www.99acres.com/mahal-niwas-jagatpura-jaipur-npxid-r430517,3,Jaipur,2025-02-19,1392.31-1566 sqft,3 BHK Apartment,2,5846000.0,Jagatpura
https://www.99acres.com/trimurty-divinity-c-scheme-jaipur-npxid-r380493,3,Jaipur,2025-02-19,1927.91-2737.18 sqft,"3, 4 BHK Apartment",2,28900000.0,C Scheme
https://www.99acres.com/askg-pinnacle-place-mansarovar-jaipur-npxid-r438214,3,Jaipur,2025-02-19,1344-1456 sqft,3 BHK Apartment,2,6182000.0,Mansarovar
https://www.99acres.com/shivam-majestic-jagatpura-jaipur-npxid-r407878,3,Jaipur,2025-02-19,1445.36-1932.63 sqft,"3, 4 BHK Apartment",2,7225000.0,Jagatpura
https://www.99acres.com/3-bhk-bedroom-apartment-flat-for-sale-in-godrej-tropical-isle-sector-146-noida-1925-sq-ft-r3-spid-V76331591,3,Noida,2025-02-19,1925 sqft,3 BHK Flat,3,29800000.0,Sector 146
https://www.99acres.com/residential-land-plot-for-sale-in-g-block-sector-44-noida-717-sq-yard-r13-spid-M61426252,0,Noida,2025-02-19,6458 sqft,Residential land / Plot,0,270000000.0,Block G Sector 44
https://www.99acres.com/ivory-county-sector-115-noida-npxid-r400436,3,Noida,2025-02-19,Varies,"3, 4, 5 BHK Apartment",0,29500000.0,Sector 115
https://www.99acres.com/godrej-riverine-sector-44-noida-npxid-r431964,3,Noida,2025-02-19,Varies,"3, 4 BHK Apartment",0,73000000.0,Sector 44
https://www.99acres.com/ats-picturesque-reprieves-sector-152-noida-npxid-r269397,3,Noida,2025-02-19,Varies,"3, 4 BHK Apartment",0,25900000.0,Sector 152
https://www.99acres.com/godrej-woods-sector-43-noida-npxid-r374312,2,Noida,2025-02-19,Varies,"2, 3, 4, 5 BHK Apartment",0,18000000.0,Sector 43
https://www.99acres.com/ivy-county-sector-75-noida-npxid-r341813,3,Noida,2025-02-19,Varies,"3, 4 BHK Apartment",0,26500000.0,Sector 75
https://www.99acres.com/experion-elements-sector-45-noida-npxid-r414339,3,Noida,2025-02-19,Varies,"3, 4 BHK Apartment",0,59500000.0,Sector 45
https://www.99acres.com/aba-cleo-county-sector-121-noida-npxid-r2274,3,Noida,2025-02-19,Varies,"3, 4 BHK Apartment",0,23000000.0,sector 121
https://www.99acres.com/m3m-the-cullinan-sector-94-noida-npxid-r410631,3,Noida,2025-02-19,Varies,"3, 4, 5 BHK Apartment",0,81700000.0,Sector 94
https://www.99acres.com/residential-land-plot-for-sale-in-bihta-patna-133-sq-yard-r4-spid-K71904360,0,Patna,2025-02-19,1200 sqft,Residential land / Plot,0,1558000.0,Bihta
https://www.99acres.com/residential-land-plot-for-sale-in-sonepur-patna-267-sq-yard-spid-G79871327,0,Patna,2025-02-19,2400 sqft,Residential land / Plot,0,5520000.0,Sonepur
https://www.99acres.com/residential-land-plot-for-sale-in-jeoni-mandi-agra-11000-sq-yard-r1-spid-R76308881,0,Agra,2w ago,99000 sqft,Residential land / Plot,0,600000000.0,Jeoni Mandi
https://www.99acres.com/5-bhk-bedroom-independent-house-villa-for-sale-in-civil-lines-agra-3753-sq-ft-r1-spid-H64272968,5,Agra,3w ago,3753 sqft,5 Bedroom House,2,41700000.0,Civil Lines
https://www.99acres.com/3-bhk-bedroom-apartment-flat-for-sale-in-shanker-greens-taj-nagari-agra-1883-sq-ft-spid-A78746085,3,Agra,2mo ago,1883 sqft,3 BHK Flat,3,11000000.0,Taj Nagari
https://www.99acres.com/2-bhk-bedroom-apartment-flat-for-sale-in-shastripuram-agra-968-sq-ft-r1-spid-A76332025,2,Agra,2mo ago,968 sqft,2 BHK Flat,2,5200000.0,Shastripuram
https://www.99acres.com/3-bhk-bedroom-apartment-flat-for-sale-in-eminent-emerald-residency-dayal-bagh-agra-1705-sq-ft-r4-spid-J65913662,3,Agra,2mo ago,1705 sqft,3 BHK Flat,3,8200000.0,Dayal Bagh
https://www.99acres.com/2-bhk-bedroom-apartment-flat-for-sale-in-maharishi-puram-colony-agra-894-sq-ft-spid-T79980809,2,Agra,1mo ago,894 sqft,2 BHK Flat,2,4000000.0,Maharishi Puram Colony
https://www.99acres.com/3-bhk-bedroom-independent-house-villa-for-sale-in-dayal-bagh-agra-2367-sq-ft-spid-D79087041,3,Agra,2mo ago,2367 sqft,3 Bedroom House,3,31500000.0,Dayal Bagh
https://www.99acres.com/residential-land-plot-for-sale-in-shastripuram-agra-358-sq-yard-spid-Z78224673,0,Agra,3mo ago,3229 sqft,Residential land / Plot,0,25000000.0,Shastripuram
https://www.99acres.com/residential-land-plot-for-sale-in-dayal-bagh-agra-1333-sq-yard-spid-E80071237,0,Agra,1w ago,11997 sqft,Residential land / Plot,0,27000000.0,Dayal Bagh
https://www.99acres.com/4-bhk-bedroom-independent-house-villa-for-sale-in-nalanda-town-shamshabad-road-agra-1250-sq-ft-spid-O78357211,4,Agra,3mo ago,1250 sqft,4 Bedroom House,3,5200000.0,Shamshabad Road
https://www.99acres.com/residential-land-plot-for-sale-in-dakamarri-visakhapatnam-400-sq-yard-spid-D79154929,0,Visakhapatnam,2025-02-19T04:38:35.432Z,3600 sqft,Residential land / Plot,0,12000000.0,Dakamarri
https://www.99acres.com/4-bhk-bedroom-independent-house-villa-for-sale-in-kommadi-visakhapatnam-2403-sq-ft-r1-spid-B76462667,4,Visakhapatnam,2025-02-19T04:38:35.432Z,2403 sqft,4 Bedroom House,4,19500000.0,Kommadi
https://www.99acres.com/4-bhk-bedroom-independent-house-villa-for-sale-in-maddilapalem-visakhapatnam-2800-sq-ft-spid-Y79147007,4,Visakhapatnam,2025-02-19T04:38:35.432Z,2800 sqft,4 Bedroom House,1,12000000.0,Maddilapalem
https://www.99acres.com/residential-land-plot-for-sale-in-anandapuram-visakhapatnam-400-sq-yard-spid-X79146491,0,Visakhapatnam,2025-02-19T04:38:35.432Z,3600 sqft,Residential land / Plot,0,11000000.0,Anandapuram
https://www.99acres.com/residential-land-plot-for-sale-in-narsipatnam-visakhapatnam-1258-sq-yard-spid-O79144285,0,Visakhapatnam,2025-02-19T04:38:35.432Z,11325 sqft,Residential land / Plot,0,10000000.0,Narsipatnam
https://www.99acres.com/residential-land-plot-for-sale-in-sattenapalle-guntur-6534-sq-yard-spid-V79143043,0,Guntur,2025-02-19T04:38:35.432Z,58806 sqft,Residential land / Plot,0,10000000.0,Sattenapalle
https://www.99acres.com/5-bhk-bedroom-independent-builder-floor-for-sale-in-rtc-colony-kakinada-3000-sq-ft-spid-G79138381,5,Kakinada,2025-02-19T04:38:35.432Z,3000 sqft,5 BHK Independent Builder Floor,5,12500000.0,RTC colony
https://www.99acres.com/residential-land-plot-for-sale-in-vizianagaram-800-sq-yard-spid-W79131335,0,Vizianagaram,2025-02-19T04:38:35.432Z,7200 sqft,Residential land / Plot,0,16000000.0,Modavalasa
https://www.99acres.com/2-bhk-bedroom-independent-house-villa-for-sale-in-sector-9-mvp-colony-visakhapatnam-4500-sq-ft-spid-Q79125923,2,Visakhapatnam,2025-02-19T04:38:35.432Z,4500 sqft,2 Bedroom House,2,20000000.0,Sector 9 MVP Colony
https://www.99acres.com/7-bhk-bedroom-independent-house-villa-for-sale-in-tandur-vikarabad-4338-sq-ft-spid-G79120191,7,Vikarabad,2025-02-19T04:38:35.432Z,4338 sqft,7 Bedroom House,7,20000000.0,Tandur
https://www.99acres.com/4-bhk-bedroom-apartment-flat-for-sale-in-sb-city-by-sb-ventures-thimmapuram-kakinada-3900-sq-ft-spid-M79907219,4,Kakinada,2025-02-19T04:38:34.048Z,3900 sqft,Flat,3,30000000.0,Thimmapuram
https://www.99acres.com/12-bhk-bedroom-independent-house-villa-for-sale-in-pallamraju-nagar-kakinada-8500-sq-ft-spid-S79358009,12,Kakinada,2025-02-19T04:38:34.048Z,8500 sqft,House,12,42000000.0,Pallamraju Nagar
https://www.99acres.com/5-bhk-bedroom-independent-house-villa-for-sale-in-sarpavaram-kakinada-2430-sq-ft-r2-spid-E73411155,5,Kakinada,2025-02-19T04:38:34.048Z,2430 sqft,House,4,33000000.0,Sarpavaram
https://www.99acres.com/2-bhk-bedroom-apartment-flat-for-sale-in-cheediga-kakinada-1980-sq-ft-spid-B78290771,2,Kakinada,2025-02-19T04:38:34.048Z,1980 sqft,Flat,2,30000000.0,Cheediga
https://www.99acres.com/residential-land-plot-for-sale-in-narasanna-nagar-kakinada-496-sq-yard-spid-S79146237,0,Kakinada,2025-02-19T04:38:34.048Z,4464 sqft,Land,0,32500000.0,Narasanna Nagar
https://www.99acres.com/10-bhk-bedroom-independent-house-villa-for-sale-in-sarpavaram-kakinada-484-sq-ft-spid-F78756201,10,Kakinada,2025-02-19T04:38:34.048Z,484 sqft,House,6,33900000.0,Sarpavaram
https://www.99acres.com/4-bhk-bedroom-independent-house-villa-for-sale-in-kakinada-2655-sq-ft-spid-G79250079,4,Kakinada,2025-02-19T04:38:34.048Z,2655 sqft,House,5,25000000.0,"SBI Staff Colony, Srinivasa Nagar"
https://www.99acres.com/2-bhk-bedroom-independent-house-villa-for-sale-in-ashok-nagar-kakinada-1800-sq-ft-r1-spid-U74770179,2,Kakinada,2025-02-19T04:38:34.048Z,1800 sqft,House,3,25000000.0,Ashok Nagar
https://www.99acres.com/5-bhk-bedroom-independent-house-villa-for-sale-in-ramanayapeta-kakinada-3150-sq-ft-spid-X80181911,5,Kakinada,2025-02-19T04:38:34.048Z,3150 sqft,House,5,25000000.0,Ramanayapeta
https://www.99acres.com/residential-land-plot-for-sale-in-chitrada-kakinada-5179-sq-yard-spid-V79225539,0,Kakinada,2025-02-19T04:38:34.048Z,46609 sqft,Land,0,25000000.0,Chitrada
https://www.99acres.com/residential-land-plot-for-sale-in-gajuwaka-visakhapatnam-302-sq-yard-spid-I78221397,0,Visakhapatnam,3mo ago,2718 sqft,Residential land / Plot,0,30000000.0,Gajuwaka
https://www.99acres.com/3-bhk-bedroom-apartment-flat-for-sale-in-kancharapalem-visakhapatnam-1380-sq-ft-r1-spid-U73988533,3,Visakhapatnam,3mo ago,1380 sqft,3 BHK Flat,2,7000000.0,Kancharapalem
https://www.99acres.com/residential-land-plot-for-sale-in-anakapalle-visakhapatnam-10503-sq-yard-spid-I78216765,0,Visakhapatnam,3mo ago,94525 sqft,Residential land / Plot,0,15100000.0,Anakapalle
https://www.99acres.com/2-bhk-bedroom-apartment-flat-for-sale-in-group-apartment-madhurawada-visakhapatnam-980-sq-ft-spid-T78214855,2,Visakhapatnam,3mo ago,980 sqft,2 BHK Flat,2,4500000.0,Madhurawada
https://www.99acres.com/2-bhk-bedroom-apartment-flat-for-sale-in-pedagantyada-visakhapatnam-920-sq-ft-spid-R78212059,2,Visakhapatnam,3mo ago,920 sqft,2 BHK Flat,2,4500000.0,Pedagantyada
https://www.99acres.com/residential-land-plot-for-sale-in-bhogapuram-visakhapatnam-167-sq-yard-spid-T78209499,0,Visakhapatnam,3mo ago,1503 sqft,Residential land / Plot,0,3000000.0,Bhogapuram
https://www.99acres.com/3-bhk-bedroom-apartment-flat-for-sale-in-mvv-city-madhurawada-visakhapatnam-1500-sq-ft-spid-V78208957,3,Visakhapatnam,3mo ago,1500 sqft,3 BHK Flat,2,12500000.0,Madhurawada
https://www.99acres.com/2-bhk-bedroom-serviced-apartment-flat-for-sale-in-hema-abodes-twin-bliss-muralinagar-visakhapatnam-1200-sq-ft-spid-I78202793,2,Visakhapatnam,3mo ago,1200 sqft,2 BHK Serviced Apartment,2,8500000.0,Muralinagar
https://www.99acres.com/other-residential-property-for-sale-in-narsipatnam-visakhapatnam-740527-sq-ft-spid-O78202453,0,Visakhapatnam,3mo ago,740520 sqft,Residential property,0,40000000.0,Narsipatnam
https://www.99acres.com/residential-land-plot-for-sale-in-visakhapatnam-160-sq-yard-spid-X78202271,0,Visakhapatnam,3mo ago,1440 sqft,Residential land / Plot,0,5500000.0,balacheruvu road
https://www.99acres.com/property-rates-and-price-trends-in-sector-92-noida-prffid,2,Noida,2025-02-19,sq.ft,Apartment,2,17400.0,Noida Greater Noida Expressway
https://www.99acres.com/property-rates-and-price-trends-in-sector-144-noida-prffid,3,Noida,2025-02-19,sq.ft,Apartment,2,13500.0,Noida Greater Noida Expressway
https://www.99acres.com/property-rates-and-price-trends-in-sector-75-noida-prffid,3,Noida,2025-02-19,sq.ft,Apartment,2,13400.0,Central Noida
https://www.99acres.com/property-rates-and-price-trends-in-sector-151-noida-prffid,2,Noida,2025-02-19,sq.ft,Apartment,2,7250.0,Noida Greater Noida Expressway
https://www.99acres.com/property-rates-and-price-trends-in-sector-143b-noida-prffid,2,Noida,2025-02-19,sq.ft,Apartment,2,12500.0,Noida Greater Noida Expressway
https://www.99acres.com/property-rates-and-price-trends-in-sector-107-noida-prffid,3,Noida,2025-02-19,sq.ft,Apartment,2,14800.0,Noida Greater Noida Expressway
https://www.99acres.com/property-rates-and-price-trends-in-sector-79-noida-prffid,3,Noida,2025-02-19,sq.ft,Apartment,2,13250.0,Central Noida
https://www.99acres.com/property-rates-and-price-trends-in-sector-133-noida-prffid,2,Noida,2025-02-19,sq.ft,Apartment,2,8250.0,Noida Greater Noida Expressway
https://www.99acres.com/property-rates-and-price-trends-in-sector-152-noida-prffid,2,Noida,2025-02-19,sq.ft,Apartment,2,11250.0,Noida Greater Noida Expressway
https://www.99acres.com/property-rates-and-price-trends-in-sector-108-noida-prffid,3,Noida,2025-02-19,sq.ft,Apartment,2,15200.0,Noida Greater Noida Expressway
https://www.99acres.com/residential-land-plot-for-sale-in-mominpet-hyderabad-240-sq-yard-spid-H79682279,0,Hyderabad,2025-01-19,2160 sqft,Residential land / Plot,0,2000000.0,Mominpet
https://www.99acres.com/residential-land-plot-for-sale-in-kothur-hyderabad-233-sq-yard-spid-N79160347,0,Hyderabad,2025-01-19,2095 sqft,Residential land / Plot,0,3726000.0,Kothur
https://www.99acres.com/residential-land-plot-for-sale-in-nadargul-hyderabad-150-sq-yard-r5-spid-X71362954,0,Hyderabad,2025-01-19,1350 sqft,Residential land / Plot,0,5400000.0,Nadargul
https://www.99acres.com/3-bhk-bedroom-apartment-flat-for-sale-in-anantula-sai-ashirvad-nagole-hyderabad-1795-sq-ft-spid-M78519325,3,Hyderabad,2025-01-19,1795 sqft,3 BHK Flat,3,10500000.0,Nagole
https://www.99acres.com/3-bhk-bedroom-apartment-flat-for-sale-in-bscpl-bollineni-bion-kondapur-hyderabad-1965-sq-ft-spid-Z80157247,3,Hyderabad,2025-01-19,1965 sqft,3 BHK Flat,4,25300000.0,Kondapur
https://www.99acres.com/2-bhk-bedroom-apartment-flat-for-sale-in-bscpl-bollineni-bion-kondapur-hyderabad-1290-sq-ft-spid-Y80036359,2,Hyderabad,2025-01-19,1290 sqft,2 BHK Flat,2,16000000.0,Kondapur
https://www.99acres.com/residential-land-plot-for-sale-in-tellapur-hyderabad-420-sq-yard-spid-Y79542783,0,Hyderabad,2025-01-19,3780 sqft,Residential land / Plot,0,58000000.0,Tellapur
https://www.99acres.com/residential-land-plot-for-sale-in-bangalore-highway-hyderabad-200-sq-yard-spid-K79368821,0,Hyderabad,2025-01-19,1800 sqft,Residential land / Plot,0,5200000.0,Bangalore Highway
https://www.99acres.com/residential-land-plot-for-sale-in-bhashyam-rrr-county-shankarpally-hyderabad-185-sq-yard-spid-D79776527,0,Hyderabad,2025-01-19,1665 sqft,Residential land / Plot,0,2960000.0,Shankarpally
https://www.99acres.com/residential-land-plot-for-sale-in-nallagandla-hyderabad-430-sq-yard-spid-H79543277,0,Hyderabad,2025-01-19,3870 sqft,Residential land / Plot,0,56000000.0,Nallagandla
https://www.99acres.com/adityaram-nagar-5-ecr-chennai-south-npxid-r1383,0,Chennai,2025-02-19,2400 - 4800 sq.ft.,Land,0,19000000.0,ECR
https://www.99acres.com/minerva-sai-darshan-perumbakkam-chennai-south-npxid-r436802,2,Chennai,2025-02-19,1165 sq.ft.,2 BHK Apartment,0,7514000.0,Perumbakkam
https://www.99acres.com/hiranandani-loftline-thaiyur-chennai-south-npxid-r27142,0,Chennai,2025-02-19,1200 - 2000 sq.ft.,Land,0,4230000.0,Thaiyur
https://www.99acres.com/dlf-parc-estate-siruseri-chennai-south-npxid-r385441,0,Chennai,2025-02-19,0 sq.ft.,Land,0,7600000.0,Siruseri
https://www.99acres.com/isha-shubham-new-perungalathur-chennai-south-npxid-r402129,2,Chennai,2025-02-19,1163 - 1305 sq.ft.,"2, 3 BHK Apartment",0,6513000.0,New perungalathur
https://www.99acres.com/elite-akash-garden-kandigai-chennai-south-npxid-r378854,0,Chennai,2025-02-19,801 - 1979 sq.ft.,Land,0,2723000.0,Kandigai
https://www.99acres.com/vgn-grandeur-iyyappanthangal-chennai-west-npxid-r427423,0,Chennai,2025-02-19,497 - 3601 sq.ft.,Land,0,4062000.0,Iyyappanthangal
https://www.99acres.com/dra-infinique-valasaravakkam-chennai-west-npxid-r419925,3,Chennai,2025-02-19,1172 - 1386 sq.ft.,"3, 4 BHK Apartment",0,21200000.0,Valasaravakkam
https://www.99acres.com/3-bhk-bedroom-apartment-flat-for-sale-in-perungudi-chennai-south-1723-sq-ft-spid-R79451893,3,Chennai,2025-02-19,1723 sq.ft.,3 BHK Flat,3,20700000.0,Perungudi
https://www.99acres.com/residential-land-plot-for-sale-in-dharani-square-maraimalai-nagar-chennai-south-187-sq-yard-r2-spid-X74990473,0,Chennai,2025-02-19,1680 sq.ft.,Residential land / Plot,0,4800000.0,"Maraimalai Nagar, GST Road"
https://www.99acres.com/residential-land-plot-for-sale-in-chirle-navi-mumbai-121-sq-yard-spid-S80043461,0,Navi Mumbai,2025-02-19,1089 sqft,Residential land / Plot,0,5.15,Chirle
https://www.99acres.com/residential-land-plot-for-sale-in-panvel-navi-mumbai-121-sq-yard-spid-Y80121649,0,Navi Mumbai,2025-02-19,1089 sqft,Residential land / Plot,0,9.0,Panvel
https://www.99acres.com/1-bhk-bedroom-independent-house-villa-for-sale-in-nalanda-nagar-central-mumbai-suburbs-300-sq-ft-r2-spid-Y61567464,1,Mumbai,2025-02-19,300 sqft,1 Bedroom House,1,15.0,Nalanda Nagar
https://www.99acres.com/1-bhk-bedroom-independent-builder-floor-for-sale-in-south-mumbai-400-sq-ft-spid-Q79837329,1,Mumbai,2025-02-19,400 sqft,1 BHK Independent Builder Floor,1,15.0,Badlapur Vangani
https://www.99acres.com/studio-apartment-flat-for-sale-in-mumbai-andheri-dahisar-200-sq-ft-spid-F78213639,1,Mumbai,2025-02-19,200 sqft,Studio Apartments / 1 RK Flats,1,9.0,nallasopara
https://www.99acres.com/1-bhk-bedroom-independent-house-villa-for-sale-in-santacruz-east-western-mumbai-180-sq-ft-spid-F80308689,1,Mumbai,2025-02-19,180 sqft,1 Bedroom House,1,15.0,Santacruz East
https://www.99acres.com/1-bhk-bedroom-apartment-flat-for-sale-in-malad-west-mumbai-andheri-dahisar-200-sq-ft-spid-Y80284943,1,Mumbai,2025-02-19,200 sqft,1 BHK Flat,1,13.0,Malad West
https://www.99acres.com/1-bhk-bedroom-independent-builder-floor-for-sale-in-asalpha-central-mumbai-suburbs-100-sq-ft-spid-I80257293,1,Mumbai,2025-02-19,100 sqft,1 BHK Independent Builder Floor,1,13.0,Asalpha
https://www.99acres.com/1-bhk-bedroom-independent-builder-floor-for-sale-in-kandivali-east-mumbai-andheri-dahisar-360-sq-ft-spid-R80142791,1,Mumbai,2025-02-19,360 sqft,1 BHK Independent Builder Floor,1,11.5,Kandivali East
https://www.99acres.com/1-bhk-bedroom-independent-house-villa-for-sale-in-kandivali-west-mumbai-andheri-dahisar-340-sq-ft-spid-V80094569,1,Mumbai,2025-02-19,340 sqft,1 Bedroom House,1,12.0,Kandivali West
https://www.99acres.com/3-bhk-bedroom-apartment-flat-for-sale-in-kundan-eternia-2-ghorpadi-pune-1510-sq-ft-spid-B79570853,3,Pune,2025-02-18,1510 sqft,Residential apartment,3,16000000.0,Ghorpadi
https://www.99acres.com/2-bhk-bedroom-apartment-flat-for-sale-in-sinhgad-road-pune-1075-sq-ft-spid-A79425559,2,Pune,2025-01-19,1075 sqft,Residential apartment,2,13000000.0,Sinhgad Road
https://www.99acres.com/3-bhk-bedroom-apartment-flat-for-sale-in-godrej-prana-undri-pune-south-1150-sq-ft-spid-C76644695,3,Pune,2025-02-05,1150 sqft,Residential apartment,2,9500000.0,Undri
https://www.99acres.com/2-bhk-bedroom-apartment-flat-for-sale-in-shapoorji-joyville-sensorium-hinjewadi-pune-710-sq-ft-spid-T77568443,2,Pune,2025-01-19,710 sqft,Residential apartment,2,8700000.0,Hinjewadi
https://www.99acres.com/3-bhk-bedroom-apartment-flat-for-sale-in-vtp-cygnus-manjari-khurd-pune-840-sq-ft-spid-E79181215,3,Pune,2025-01-19,840 sqft,Residential apartment,3,10000000.0,Manjari Khurd
https://www.99acres.com/2-bhk-bedroom-apartment-flat-for-sale-in-punawale-pune-west-690-sq-ft-spid-D79740105,2,Pune,2025-02-13,690 sqft,Residential apartment,2,6500000.0,Punawale
https://www.99acres.com/6-bhk-bedroom-independent-house-villa-for-sale-in-katraj-pune-840-sq-ft-spid-T76240347,6,Pune,2025-01-19,840 sqft,Independent House/Villa,6,13500000.0,Katraj
https://www.99acres.com/1-bhk-bedroom-apartment-flat-for-sale-in-amrutvel-greens-kirkatwadi-pune-640-sq-ft-spid-M77933479,1,Pune,2025-02-17,640 sqft,Residential apartment,1,3500000.0,Kirkatwadi
https://www.99acres.com/3-bhk-bedroom-apartment-flat-for-sale-in-godrej-hillside-mahalunge-pune-878-sq-ft-spid-V80127563,3,Pune,2025-02-12,878 sqft,Residential apartment,3,12000000.0,Mahalunge
